date,ad_id,campaign_name,adset_name,ad_name,impressions,clicks,spend,conversions,thruplay,광고목적
2026-07-14,120243940488790659,[빙과_파인트_초코] 26.02_복요파출시_수동_전환_video_전체타겟,쩜오건_3월 3주차,[26.03]F_V_P초_전환_복요파출시_쩜오건_밈활용_var1.릴스_기본.03_00_이봄_260320_1T_이봄1,6108,141,123920,16,222,전환
2026-07-14,120245277282320659,[빙과_파인트_망고] 26.04_망요파출시_수동_전환_video_전체타겟,4월 3주차_쩜오건_마미케어BP(3),[26.04]F_V_P망_전환_망요파출시_쩜오건_마미케어BP_main.릴스_기본.가격구성집중.재원PJ1_1C_최재원_260417_1T_최재원,18328,322,341826,54,593,전환
2026-07-14,120245678853640659,[빙과_파인트_망고] 26.04_망요파출시_ASC_전환_video_전체타겟_4월 4주차_유인맨즈BP/전라도청년BP,[파인트_망고] 26.04_망요파출시_ASC_전환_video_전체타겟_4월 4주차_유인맨즈BP/전라도청년BP,[26.04]F_V_P망_전환_망요파출시_네고형_관계성네고형_var1.릴스_규모감.X_1C_고가영_260424_1T_이미진,43293,991,389585,55,6157,전환
2026-07-14,120246082418740659,[빙과_파인트] 26.04_파인트990원_수동_전환_video_전체타겟,4월 5주차_쩜오건_혼합,[26.05]F_V_P혼_전환_파인트990원_원데이건_캡컷_main.릴스_담아도990.재원PJ1_1C_이미진_260501_1T_이미진,13487,375,170796,29,844,전환
2026-07-14,120247050054740659,[빙과_스틱바_듬뿍바] 26.05_듬뿍바출시_수동_전환_video_전체타겟,5월 2주차_딸듬바_네고형,[26.05]F_V_DB딸_전환_듬뿍바출시이벤트_네고형_네고형_main.릴스_딸기주물럭.현경PJ1_2C_허재희_260514_2T_노현경,41381,611,545396,83,3461,전환
2026-07-14,120247551338690659,[빙과_파인트] 26.04_파인트990원_수동_전환_video_전체타겟,5월 3주차_파르셀BP,[26.05]F_V_P애_전환_파인트990원_신규BP_파르셀BP_main.릴스_본론.X_1C_고가영_260522_1T_이봄1,5944,166,70167,11,469,전환
2026-07-14,120248107784080659,[빙과_스틱바_키위듬뿍] 26.05_듬뿍바출시_ASC_전환-video_전체타겟_인플루언서형,[스틱바_키위듬뿍] 26.05_듬뿍바출시_ASC_전환-video_전체타겟_인플루언서형,[26.05]F_V_DB키_전환_듬뿍바출시이벤트_인플루언서형_인플루언서형_var2.릴스_씨강조.현경PJ1_2C_허재희_260529_2T_유영현,1434,36,26223,3,80,전환
2026-07-14,120248126973170659,[빙과_스틱바_멜론쫀득] 26.05_쫀득바출시_ASC_전환_video_전체타겟_공구네고형,[스틱바_멜론쫀득] 26.05_쫀득바출시_ASC_전환_video_전체타겟_공구네고형,[26.05]F_V_JD멜_전환_쫀득바출시_네고형_공구네고형_var5.릴스_BP.진수.X_2C_김유진_260529_2T_피재은,17747,478,356462,52,2077,전환
2026-07-14,120248458936850659,[빙과_파인트_셔벗] 26.06_셔벗리뉴얼특가_ASC_전환_video_전체타겟_6월 1주차_꼬막BP,[파인트_셔벗] 26.06_셔벗리뉴얼특가_ASC_전환_video_전체타겟_6월 1주차_꼬막BP,[26.06]F_V_P혼_전환_셔벗리뉴얼특가_기타_꼬막BP_var1.릴스_대세감.X_1P_고가영_260602_빙과_강다빈,45373,549,419986,63,4567,전환
2026-07-14,120248737492450659,[빙과_스틱바_멜론쫀득] 26.05_쫀득바출시_수동_전환_video_전체타겟,[멜론] 6월 1주차_맛인지형,[26.06]F_V_JD멜_전환_쫀득바출시_맛인지형_우베BP_var2.릴스_쫀득.X_2P_김유진_260605_빙과_김지연,6249,122,114915,14,603,전환
2026-07-14,120248737510830659,[빙과_스틱바_멜론쫀득] 26.05_쫀득바출시_ASC_전환_video_전체타겟_6월 1주차_맛인지/원가강조,[빙과_스틱바_멜론쫀득] 26.05_쫀득바출시_ASC_전환_video_전체타겟_6월 1주차_맛인지/원가강조,[26.06]F_V_JD멜_전환_쫀득바출시_맛인지형_우베BP_var1.릴스_혜택.X_2P_김유진_260605_빙과_김지연,56691,1557,965420,165,4004,전환
2026-07-14,120248737549750659,[빙과_스틱바_멜론쫀득] 26.05_쫀득바출시_ASC_전환_video_전체타겟_6월 1주차_전화네고/AI,[빙과_스틱바_멜론쫀득] 26.05_쫀득바출시_ASC_전환_video_전체타겟_6월 1주차_전화네고/AI,[26.06]F_V_JD멜_전환_쫀득바출시_네고형_전화네고형_var4.릴스_쫀득.숏.X_1P_김유진_260605_빙과_이수민,5104,128,79260,11,539,전환
2026-07-14,120249181285240659,[빙과_스틱바_멜론쫀득] 26.05_쫀득바출시_수동_전환_video_전체타겟,[멜론] 6월 2주차_바운스번BP,[26.06]F_V_JD멜_전환_쫀득바출시_신규BP_바운스번BP_main.릴스_BP.X_2P_고가영_260612_빙과_조의진,116219,2351,1361372,178,15676,전환
2026-07-14,120246025850610659,[빙과_파인트] 26.04_파인트990원_수동_전환_video_전체타겟,4월 5주차_네고형,[26.05]F_V_P혼_전환_파인트990원_네고형_기본네고형_var1.릴스_악플읽기.재원PJ1_1C_문선정_260501_1T_최재원,12464,344,115861,16,1287,전환
2026-07-14,120249788680340659,[빙과_스틱바_멜론쫀득] 26.05_쫀득바출시_수동_전환_video_전체타겟,[멜론] 6월 3주차_인플루언서형,[26.06]F_V_JD멜_전환_상시_인플루언서형_인플루언서형.전환_main.릴스_공통.X_1P_문선정_260619_빙과_이수민,2779,32,33687,2,84,전환
2026-07-14,120247085571430659,[빙과_파인트] 26.05_파인트990원_ASC_전환_video_전체타겟_5월 2주차_쩜오건/원데이건,[파인트] 26.05_파인트990원_ASC_전환_video_전체타겟_5월 2주차_쩜오건/원데이건,[26.05]F_V_P혼_전환_파인트990원_원데이건_골라담기BP_var3.릴스_맛.인트로.재원PJ1_1C_연시온_260515_1T_연시온,20410,581,270898,44,1736,전환
2026-07-14,120249872523430659,[빙과_파인트_망고] 26.05_망요파출시_수동_전환_image_전체타겟,0623_애플민트,[26.06]F_I_P애_전환_상시_혜택강조형__.배너_.대세감.딱100원.다시는없습니다.__박지연_260623_빙과_홍정민,8147,210,115322,16,0,전환
2026-07-14,120247312040950659,[빙과_파인트] 26.05_파인트990원_ASC_전환_video_전체타겟_5월 3주차_타율형 재집행,[파인트] 26.05_파인트990원_ASC_전환_video_전체타겟_5월 3주차_타율형 재집행,[26.05]F_V_P혼_전환_파인트990원_인플루언서형_인플루언서형_var2.릴스_맛.X_1C_고가영_260515_1T_이봄1,1306,44,23674,3,333,전환
2026-07-14,120249954455050659,[빙과_스틱바_쫀득바] 26.06_쫀득바출시_ASC_전환_video/image_6월 4주차_고효율 재집행,[빙과_스틱바_쫀득바] 26.06_쫀득바출시_ASC_전환_video/image_6월 4주차_고효율 재집행,[26.06]F_V_JD멜_전환_쫀득바출시_신규BP_바운스번BP_main.릴스_BP.X_2P_고가영_260612_빙과_조의진,8680,183,101097,5,1159,전환
2026-07-14,120249954455090659,[빙과_스틱바_쫀득바] 26.06_쫀득바출시_ASC_전환_video/image_6월 4주차_고효율 재집행,[빙과_스틱바_쫀득바] 26.06_쫀득바출시_ASC_전환_video/image_6월 4주차_고효율 재집행,(운영X) [26.06]F_I_JD멜_전환_쫀득바출시이벤트_혜택강조형__.배너_실수상황극대화.페르소나.직원실수.안내문.편의점단독입점.가격실수안내.__김유진_260604_빙과_오형선,425,10,6264,4,0,전환
2026-07-14,120249954455120659,[빙과_스틱바_쫀득바] 26.06_쫀득바출시_ASC_전환_video/image_6월 4주차_고효율 재집행,[빙과_스틱바_쫀득바] 26.06_쫀득바출시_ASC_전환_video/image_6월 4주차_고효율 재집행,[26.06]F_I_JD멜_전환_쫀득바출시_혜택강조형_희소성_.배너_판매중단.후숙된찐한멜론맛그대로.공지문.현장감.__문선정_260612_빙과_오형선,130,7,2057,4,0,전환
2026-07-14,120250087539300659,[빙과_스틱바_멜론쫀득] 26.05_쫀득바출시_수동_전환_image_전체타겟,0626_멜론쫀득바,[26.06]F_I_JD멜_전환_쫀득바출시_직원설득형__.배너_고효율.가격실수안내.__문선정_260625_빙과_오형선,15529,481,225007,27,0,전환
2026-07-14,120250087991130659,[빙과_파인트_망고] 26.05_망요파출시_수동_전환_image_전체타겟,0625_직원설득형(라즈베리),[26.06]F_I_P오_전환_상시_직원설득형__.배너_희소성.회사내부유출.공지문.품절예상.시중레인보우맛.__손유곤_260625_빙과_김민우,1591,10,16186,2,0,전환
2026-07-14,120250088142960659,[빙과_파인트_망고] 26.05_망요파출시_수동_전환_image_전체타겟,0625_직원설득형(애플민트),[26.06]F_I_P애_전환_상시_혜택강조형__.릴스_맛비주얼영상.지금아니면못봐요.더블비얀코맛.애플셔벗그자체.딱100원.__손유곤_260625_빙과_김민우,4259,27,30254,4,77,전환
2026-07-14,120250111782470659,[빙과_스틱바_멜론쫀득] 26.06_쫀득바출시_ASC_전환_video_전체타겟_6월 4주차_책상네고/농부대첩,[빙과_스틱바_멜론쫀득] 26.06_쫀득바출시_ASC_전환_video_전체타겟_6월 4주차_책상네고/농부대첩,[26.06]F_V_JD멜_전환_쫀득바출시_신규BP_농부대첩BP_var1.릴스_할인명분.X_2P_김유진_260626_빙과_노현경,6092,131,81368,12,622,전환
2026-07-14,120250111831550659,[빙과_스틱바_멜론쫀득] 26.05_쫀득바출시_수동_전환_video_전체타겟,[멜론] 6월 4주차_농부대첩BP,[26.06]F_V_JD멜_전환_쫀득바출시_신규BP_농부대첩BP_var4.릴스_OEM.X_2P_김유진_260626_빙과_노현경,2062,78,23689,1,458,전환
2026-07-14,120250120946720659,[빙과_스틱바_멜론쫀득] 26.06_쫀득바출시_ASC_전환_video_전체타겟_6월 4주차_꼬막BP,[빙과_스틱바_멜론쫀득] 26.06_쫀득바출시_ASC_전환_video_전체타겟_6월 4주차_꼬막BP,[26.06]F_V_JD망_전환_쫀득바출시_맛인지형_꼬막BP_main.릴스_이가격으로.X_1P_김유진_260626_빙과_정하얀,17133,384,325079,42,3833,전환
2026-07-14,120250393325590659,[빙과_파인트] 26.04_파인트990원_수동_전환_image_전체타겟,0630_AI 캐릭터 (품절 강조/시즌 강조)_990원,[26.06]F_I_P오_전환_파인트990원_혜택강조형__.릴스_AI캐릭터.시간.눈깜빡하면다사라져요.__손유곤_260630_빙과_오형선,8745,216,146703,19,1407,전환
2026-07-14,120250393402360659,[빙과_파인트] 26.04_파인트990원_수동_전환_image_전체타겟,0630_타제품 비교_990원,[26.06]F_I_P혼_전환_파인트990원_혜택강조형__.배너_페인포인트.타제품 비교.비싼배달아이스크림.무제한990원.__손유곤_260630_빙과_김민우,41,2,456,1,0,전환
2026-07-14,120250393420560659,[빙과_파인트] 26.04_파인트990원_수동_전환_image_전체타겟,0630_타제품 비교_990원,[26.06]F_I_P혼_전환_파인트990원_혜택강조형__.배너_페인포인트.타제품 비교.한달젤라또무제한.올여름시원하게.__손유곤_260630_빙과_김민우,21506,512,288664,40,0,전환
2026-07-14,120250408114780659,[빙과_스틱바_듬뿍바] 26.05_듬뿍바출시_수동_전환_image_전체타겟,0701_할인희소성/직원네고,[26.06]F_I_DB피_전환_듬뿍바출시이벤트_혜택강조형__.릴스_할인희소성.여기가최저가.__고가영_260701_빙과_홍정민,7960,81,158351,17,88,전환
2026-07-14,120250485488740659,[빙과_스틱바_듬뿍바] 26.06_듬뿍바출시_ASC_전환_video_전체타겟_7월 1주차_썬스틱BP/전화네고,[빙과_스틱바_듬뿍바] 26.06_듬뿍바출시_ASC_전환_video_전체타겟_7월 1주차_썬스틱BP/전화네고,[26.07]F_V_DB베_전환_듬뿍바출시이벤트_신규BP_썬스틱BP_main.릴스_본론.X_1P_고가영_260703_빙과_이수현,318,10,8256,1,27,전환
2026-07-14,120250485536760659,[빙과_스틱바_멜론쫀득] 26.05_쫀득바출시_수동_전환_video_전체타겟,7월 1주차_떡볶이BP_JD멜,[26.07]F_V_JD멜_전환_쫀득바출시_신규BP_떡볶이BP_main.릴스_공통.X_2P_김유진_260703_빙과_조의진,1366,29,12754,1,247,전환
2026-07-14,120250485735290659,[빙과_파인트_말차] 26.07_말차재입고_ASC_전환_video_전체타겟_7월 1주차,[빙과_파인트_말차] 26.07_말차재입고_ASC_전환_video_전체타겟_7월 1주차,[26.07]F_V_P말_전환_말차재입고_네고형_책상네고형_main.릴스_공통.X_2P_손유곤_260703_빙과_김지연,1674,20,22890,3,62,전환
2026-07-14,120250485749410659,[빙과_파인트_말차] 26.07_말차재입고_수동_전환_video_전체타겟,7월 1주차_책상네고형_P말,[26.07]F_V_P말_전환_말차재입고_네고형_책상네고형_var3.릴스_POV.X_2P_손유곤_260703_빙과_김지연,2241,40,36826,2,135,전환
2026-07-14,120250485762320659,[빙과_파인트_말차] 26.07_말차재입고_수동_전환_video_전체타겟,7월 1주차_책상네고형_P말,[26.07]F_V_P말_전환_말차재입고_네고형_책상네고형_var5.릴스_단순후킹.X_2P_손유곤_260703_빙과_김지연,683,10,10534,4,24,전환
2026-07-14,120250485956840659,[빙과_파인트_말차] 26.07_말차재입고_수동_전환_video_전체타겟,7월 1주차_미틀리에BP_P말,[26.07]F_V_P말_전환_말차재입고_원가강조형_미틀리에BP_var1.릴스_죄송합니다.X_2P_손유곤_260703_빙과_노현경,1697,22,14888,0,188,전환
2026-07-14,120250486126130659,[빙과_스틱바_듬뿍바] 26.05_듬뿍바출시_수동_전환_video_전체타겟,7월 1주차_인플루언서형_DB베,[26.07]F_V_DB베_전환_듬뿍바출시이벤트_인플루언서형_인플루언서형_var2.릴스_당류비교.X_1P_고가영_260703_빙과_정요한,2,0,47,0,1,전환
2026-07-14,120250486131330659,[빙과_스틱바_듬뿍바] 26.05_듬뿍바출시_수동_전환_video_전체타겟,7월 1주차_인플루언서형_DB베,[26.07]F_V_DB베_전환_듬뿍바출시이벤트_인플루언서형_인플루언서형_var1.릴스_가격비교.X_1P_고가영_260703_빙과_정요한,1059,33,36947,4,117,전환
2026-07-14,120250486183810659,(운영X) [빙과_스틱바_듬뿍바] 26.07_듬뿍바출시1+1_수동_전환_video_전체타겟,7월 1주차_인플루언서형_DB베,[26.07]F_V_DB베_전환_듬뿍바출시1+1_인플루언서형_인플루언서형_var4.릴스_가격비교.X_1P_고가영_260703_빙과_정요한,609,19,15688,1,329,전환
2026-07-14,120250486402650659,[빙과_파인트_말차] 26.07_말차재입고_ASC_전환_video_전체타겟_7월 1주차,[빙과_파인트_말차] 26.07_말차재입고_ASC_전환_video_전체타겟_7월 1주차,[26.07]F_V_P말_전환_말차재입고_원가강조형_미틀리에BP_var1.릴스_죄송합니다.X_2P_손유곤_260703_빙과_노현경,95203,1299,880621,138,9984,전환
2026-07-14,120250486450530659,[빙과_파인트_말차] 26.07_말차재입고_수동_전환_video_전체타겟,7월 1주차_미틀리에BP_P말,[26.07]F_V_P말_전환_말차재입고_원가강조형_미틀리에BP_var2.릴스_말차계에르메스.X_2P_손유곤_260703_빙과_노현경,2865,36,27247,3,185,전환
2026-07-14,120250486530360659,[빙과_파인트_말차] 26.07_말차재입고_ASC_전환_video_전체타겟_7월 1주차,[빙과_파인트_말차] 26.07_말차재입고_ASC_전환_video_전체타겟_7월 1주차,[26.07]F_V_P말_전환_말차재입고_원가강조형_미틀리에BP_var2.릴스_말차계에르메스.X_2P_손유곤_260703_빙과_노현경,61056,1118,692521,120,8590,전환
2026-07-14,120250486837860659,[빙과_파인트_말차] 26.07_말차재입고_수동_전환_video_전체타겟,7월 1주차_CS전화네고형_P말,[26.07]F_V_P말_전환_말차재입고_네고형_CS전화네고형_var1.릴스_CS부장님.7월.수민PJ_1P_영상팀_260703_빙과_이수민,121360,2215,1560068,213,15068,전환
2026-07-14,120250486842230659,[빙과_파인트_말차] 26.07_말차재입고_ASC_전환_video_전체타겟_7월 1주차,[빙과_파인트_말차] 26.07_말차재입고_ASC_전환_video_전체타겟_7월 1주차,[26.07]F_V_P말_전환_말차재입고_네고형_CS전화네고형_var1.릴스_CS부장님.7월.수민PJ_1P_영상팀_260703_빙과_이수민,23154,429,291054,50,2781,전환
2026-07-14,120250486845610659,[빙과_파인트_말차] 26.07_말차재입고_수동_전환_video_전체타겟,7월 1주차_CS전화네고형_P말,[26.07]F_V_P말_전환_말차재입고_네고형_CS전화네고형_var2.릴스_폐급CS.7월.수민PJ_1P_영상팀_260703_빙과_이수민,945,13,10540,0,102,전환
2026-07-14,120250486846460659,[빙과_파인트_말차] 26.07_말차재입고_ASC_전환_video_전체타겟_7월 1주차,[빙과_파인트_말차] 26.07_말차재입고_ASC_전환_video_전체타겟_7월 1주차,[26.07]F_V_P말_전환_말차재입고_네고형_CS전화네고형_var2.릴스_폐급CS.7월.수민PJ_1P_영상팀_260703_빙과_이수민,1634,20,15077,2,188,전환
2026-07-14,120250487600400659,[빙과_스틱바_듬뿍바] 26.05_듬뿍바출시_수동_전환_video_전체타겟,7월 1주차_전화네고형_DB베,[26.07]F_V_DB베_전환_듬뿍바출시이벤트_네고형_전화네고형_var1.릴스_스틱바만.틱톡커남편.X_1P_고가영_260703_빙과_이수민,7,0,86,0,0,전환
2026-07-14,120250487664800659,[빙과_스틱바_듬뿍바] 26.05_듬뿍바출시_수동_전환_video_전체타겟,7월 1주차_전화네고형_DB베,[26.07]F_V_DB베_전환_듬뿍바출시이벤트_네고형_전화네고형_var4.릴스_스틱바만.혜택강조.X_1P_고가영_260703_빙과_이수민,513,11,16326,0,35,전환
2026-07-14,120250488631230659,[빙과_스틱바_멜론쫀득] 26.05_쫀득바출시_수동_전환_video_전체타겟,7월 1주차_관계성네고형_JD멜,[26.07]F_V_JD멜_전환_쫀득바출시_네고형_관계성네고형_main.릴스_본론.X_1P_김유진_260703_빙과_강다빈,2947,61,46335,5,265,전환
2026-07-14,120250488674540659,[빙과_스틱바_멜론쫀득] 26.05_쫀득바출시_수동_전환_video_전체타겟,7월 1주차_관계성네고형_JD멜,[26.07]F_V_JD멜_전환_쫀득바출시_네고형_관계성네고형_var3.릴스_가격후킹.X_1P_김유진_260703_빙과_강다빈,40,1,589,0,16,전환
2026-07-14,120250489082660659,[빙과_스틱바_듬뿍바] 26.05_듬뿍바출시_수동_전환_image_전체타겟,0703_DB베(3),[26.07]F_I_DB베_전환_듬뿍바출시이벤트_매거진형__.배너_가격페인포인트.개당18500원.__고가영_260703_빙과_오형선,546,9,11357,3,0,전환
2026-07-14,120250489684190659,[빙과_스틱바_듬뿍바] 26.05_듬뿍바출시_수동_전환_image_전체타겟,0703_DB베(3),[26.07]F_I_DB베_전환_듬뿍바출시이벤트_매거진형__.배너_맛강조.블루베리산딸기.__고가영_260703_빙과_오형선,5417,104,94196,14,0,전환
2026-07-14,120250492230630659,[빙과_파인트_말차] 26.07_말차재입고_수동_전환_image_전체타겟,0703_P말,[26.07]F_I_P말_전환_상시_혜택강조형__.배너_맛메세지테스트.젤라또극대화.사과문.시중말차보다.__손유곤_260703_빙과_김민우,435,8,12201,2,0,전환
2026-07-14,120250492362840659,[빙과_파인트_말차] 26.07_말차재입고_수동_전환_image_전체타겟,0703_P말,[26.07]F_I_P말_전환_상시_혜택강조형__.배너_맛메세지테스트.원재료희소성극대화.사과문.1년에단한번수학.제주.__손유곤_260703_빙과_김민우,7,0,62,0,0,전환
2026-07-14,120250492475720659,[빙과_파인트_말차] 26.07_말차재입고_수동_전환_image_전체타겟,0703_P말,[26.07]F_I_P말_전환_상시_혜택강조형__.배너_맛메세지테스트.원재료희소성극대화.4분할.1년중단한번첫물말차.__손유곤_260703_빙과_김민우,1107,15,9827,1,0,전환
2026-07-14,120250492516250659,[빙과_파인트_말차] 26.07_말차재입고_수동_전환_image_전체타겟,0703_P말,[26.07]F_I_P말_전환_상시_혜택강조형__.배너_다시는없어요.네고형.제주첫물말차.고급말차젤라또급파인트.__손유곤_260703_빙과_김민우,6,0,211,0,0,전환
2026-07-14,120250492543440659,[빙과_파인트_말차] 26.07_말차재입고_수동_전환_image_전체타겟,0703_P말,[26.07]F_I_P말_전환_상시_혜택강조형__.배너_재출시요청.너무많아.1년중단한번.최고급찻잎.__손유곤_260703_빙과_김민우,88,1,1534,0,0,전환
2026-07-14,120250492554600659,[빙과_파인트_말차] 26.07_말차재입고_수동_전환_image_전체타겟,0703_P말,[26.07]F_I_P말_전환_상시_혜택강조형__.배너_맛메세지테스트.원재료희소성극대화.안내문.재출시특가.1년에단한번수학.제주.__손유곤_260703_빙과_김민우,6,0,34,0,0,전환
2026-07-14,120250492564920659,[빙과_파인트_말차] 26.07_말차재입고_수동_전환_image_전체타겟,0703_P말,[26.07]F_I_P말_전환_상시_혜택강조형__.배너_이제다시는없습니다.1년중단한번.제주말차.__손유곤_260703_빙과_김민우,29,0,252,0,0,전환
2026-07-14,120250492631520659,[빙과_파인트] 26.04_파인트990원_수동_전환_image_전체타겟,0703_P말,[26.07]F_I_P말_전환_파인트990원_혜택강조형__.배너_다시는없어요.네고형.제주첫물말차.고급말차젤라또급파인트.__손유곤_260703_빙과_김민우,3633,67,59588,8,0,전환
2026-07-14,120250492644580659,[빙과_파인트] 26.04_파인트990원_수동_전환_image_전체타겟,0703_P말,[26.07]F_I_P말_전환_파인트990원_직원설득형__.배너_이제다시는없습니다.1년중단한번.제주말차.__손유곤_260703_빙과_김민우,22177,328,235345,38,0,전환
2026-07-14,120250492501450659,[빙과_파인트_말차] 26.07_말차재입고_수동_전환_image_전체타겟,0703_P말,[26.07]F_I_P말_전환_상시_혜택강조형__.배너_맛메세지테스트.젤라또극대화.안내문.재출시특가.차원이다른.__손유곤_260703_빙과_김민우,1,0,0,0,0,전환
2026-07-14,120250565349650659,[빙과_파인트_말차] 26.07_말차재입고_수동_전환_video_전체타겟,7월 1주차_(재)책상네고형_P말,[26.07]F_V_P말_전환_말차재입고_네고형_책상네고형.(재)_var1.릴스_POV.X_2P_손유곤_260706_빙과_김지연,1068,14,16233,1,41,전환
2026-07-14,120250597547660659,[빙과_스틱바_멜론쫀득] 26.05_쫀득바출시_수동_전환_image_전체타겟,0707_JD멜,[26.07]F_I_JD멜_전환_쫀득바출시_혜택강조형__.릴스_AI캐릭터.이득.가격희소성.판매자손해.울기.__문선정_260707_빙과_오형선,3221,73,74244,11,58,전환
2026-07-14,120250607279090659,[빙과_스틱바_듬뿍바] 26.05_듬뿍바출시_수동_전환_image_전체타겟,0707_DB베,[26.07]F_I_DB베_전환_듬뿍바출시이벤트_혜택강조형__.배너_제품원재료강조.다신못먹어요.메거진.__고가영_260707_빙과_홍정민,25,1,495,0,0,전환
2026-07-14,120250607303040659,[빙과_스틱바_듬뿍바] 26.05_듬뿍바출시_수동_전환_image_전체타겟,0707_DB베,[26.07]F_I_DB베_전환_듬뿍바출시이벤트_혜택강조형__.배너_제품원재료강조.역대급상큼달달.__고가영_260707_빙과_홍정민,968,19,23499,4,0,전환
2026-07-14,120250607367350659,[빙과_스틱바_듬뿍바] 26.05_듬뿍바출시_수동_전환_image_전체타겟,0707_DB베,[26.07]F_I_DB베_전환_듬뿍바출시이벤트_매거진형__.배너_맛.아사이볼에서갈아탄.단면강조.4분할.__고가영_260707_빙과_오형선,36995,449,562364,76,0,전환
2026-07-14,120250607411500659,[빙과_스틱바_듬뿍바] 26.05_듬뿍바출시_수동_전환_image_전체타겟,0707_DB베,[26.07]F_I_DB베_전환_듬뿍바출시이벤트_매거진형__.배너_맛.아사이볼에서갈아탄.아사이볼.__고가영_260707_빙과_오형선,17,0,392,0,0,전환
2026-07-14,120250607438540659,[빙과_스틱바_듬뿍바] 26.05_듬뿍바출시_수동_전환_image_전체타겟,0707_DB베,[26.07]F_I_DB베_전환_듬뿍바출시이벤트_매거진형__.배너_맛.아사이볼에서갈아탄.자사품아사이볼.__고가영_260707_빙과_오형선,508,16,12474,2,0,전환
2026-07-14,120250607789810659,[빙과_스틱바_멜론쫀득] 26.05_쫀득바출시_수동_전환_image_전체타겟,0707_JD멜(2),[26.07]F_I_JD멜_전환_쫀득바출시_혜택강조형__.릴스_AI캐릭터.이득.수량희소성.대세감.1등특가끝나기전에쟁여요.원조제치고1등.뿌리기.__김유진_260707_빙과_오형선,39,0,1383,0,1,전환
2026-07-14,120250607923810659,[빙과_스틱바_멜론쫀득] 26.05_쫀득바출시_수동_전환_image_전체타겟,0707_JD멜(2),[26.07]F_I_JD멜_전환_쫀득바출시_직원설득형__.배너_공지문.직원실수.대세감.원조제치고1등.맛먼저.__김유진_260707_빙과_오형선,4403,107,58408,5,0,전환
2026-07-14,120250609266950659,[빙과_파인트_말차] 26.07_말차재입고_수동_전환_video_전체타겟,7월 1주차_바운스번BP_P말,[26.07]F_V_P말_전환_말차재입고_원가강조형_바운스번BP_main.릴스_너무잘만들어도.X_2P_손유곤_260703_빙과_노현경,17296,311,166552,18,2513,전환
2026-07-14,120250607288730659,[빙과_스틱바_듬뿍바] 26.05_듬뿍바출시_수동_전환_image_전체타겟,0707_DB베,[26.07]F_I_DB베_전환_듬뿍바출시이벤트_혜택강조형__.배너_제품원재료강조.아사이볼보다더.__고가영_260707_빙과_홍정민,348,5,7332,0,0,전환
2026-07-14,120250607294260659,[빙과_스틱바_듬뿍바] 26.05_듬뿍바출시_수동_전환_image_전체타겟,0707_DB베,[26.07]F_I_DB베_전환_듬뿍바출시이벤트_혜택강조형__.배너_제품원재료강조.신제품런칭특가.__고가영_260707_빙과_홍정민,141,1,4843,0,0,전환
2026-07-14,120250607332790659,[빙과_스틱바_듬뿍바] 26.05_듬뿍바출시_수동_전환_image_전체타겟,0707_DB베,[26.07]F_I_DB베_전환_듬뿍바출시이벤트_혜택강조형__.배너_제품원재료강조.주문폭주.곧품절.__고가영_260707_빙과_홍정민,18,2,510,0,0,전환
2026-07-14,120250634050780659,[빙과_파인트_말차] 26.07_말차재입고_수동_전환_image_전체타겟,0707_100원_P말,[26.07]F_I_P말_전환_상시_직원설득형__.배너_원재료강조.수급.텍스트소구.공지문.재출시안내.__손유곤_260707_빙과_김민우,150,5,2541,0,0,전환
2026-07-14,120250634062540659,[빙과_파인트_말차] 26.07_말차재입고_수동_전환_image_전체타겟,0707_100원_P말,[26.07]F_I_P말_전환_상시_혜택강조형__.배너_원재료강조.수급.텍스트소구.다시는없습니다.구하기힘들다는.__손유곤_260707_빙과_김민우,810,15,14546,2,0,전환
2026-07-14,120250634088020659,[빙과_파인트] 26.04_파인트990원_수동_전환_image_전체타겟,0707_990원_P말,[26.07]F_I_P말_전환_파인트990원_혜택강조형__.배너_원재료강조.수급.텍스트소구.다신없습니다.고급말차그자체라.__손유곤_260707_빙과_김민우,950,33,18403,2,0,전환
2026-07-14,120250634137870659,[빙과_파인트] 26.04_파인트990원_수동_전환_image_전체타겟,0707_990원_P말,[26.07]F_I_P말_전환_파인트990원_혜택강조형__.배너_원재료강조.수급.텍스트소구.다시는없습니다.구하기힘들다는.__손유곤_260707_빙과_김민우,15557,225,170445,29,0,전환
2026-07-14,120250634148680659,[빙과_파인트] 26.04_파인트990원_수동_전환_image_전체타겟,0707_990원_P말,[26.07]F_I_P말_전환_파인트990원_혜택강조형__.릴스_원재료강조.수급.비주얼소구.매거진형.1년에딱한번볼수있다는.제주에서온.__손유곤_260707_빙과_김민우,136,5,3262,0,12,전환
2026-07-14,120250645295440659,[빙과_스틱바_듬뿍바] 26.05_듬뿍바출시_수동_전환_image_전체타겟,0708_DB베(1),[26.07]F_I_DB베_전환_듬뿍바출시이벤트_혜택강조형__.배너_1박스0원.직원실수.사과문.__고가영_260708_빙과_홍정민,332,10,15693,1,0,전환
2026-07-14,120250645319900659,[빙과_스틱바_듬뿍바] 26.05_듬뿍바출시_수동_전환_image_전체타겟,0708_DB베(1),[26.07]F_I_DB베_전환_듬뿍바출시이벤트_혜택강조형__.배너_개당가격강조.선착순마감임박.__고가영_260708_빙과_홍정민,7,0,202,0,0,전환
2026-07-14,120250645412740659,[빙과_스틱바_듬뿍바] 26.05_듬뿍바출시_수동_전환_image_전체타겟,0708_DB베(1),[26.07]F_I_DB베_전환_듬뿍바출시이벤트_혜택강조형__.배너_개당가격강조.아사이볼1그릇.__고가영_260708_빙과_홍정민,4,0,124,0,0,전환
2026-07-14,120250649909630659,[빙과_스틱바_멜론쫀득] 26.05_쫀득바출시_수동_전환_image_전체타겟,0708_JD멜,[26.07]F_I_JD멜_전환_쫀득바출시_AI영상자동화_혜택강조형__.릴스_이득.가격.판매자손해.지금이젤싸요.__김유진_260708_빙과_오형선,714,6,18317,2,11,전환
2026-07-14,120250649956100659,[빙과_파인트_말차] 26.07_말차재입고_수동_전환_image_전체타겟,0708_100원_P혼,[26.07]F_I_P혼_전환_상시_혜택강조형__.배너_시즌강조.고효율.다시는없어요.여름만볼수있는한정특가.네고형.가장맛있는과일.__손유곤_260708_빙과_김민우,965,25,19419,2,0,전환
2026-07-14,120250649975840659,[빙과_파인트_말차] 26.07_말차재입고_수동_전환_image_전체타겟,0708_100원_P혼,[26.07]F_I_P말_전환_상시_직원설득형__.배너_메세지테스트.안내문.구매제한.감사한마음.수량제한.3개.__손유곤_260708_빙과_김민우,23135,477,244993,33,0,전환
2026-07-14,120250649980690659,[빙과_파인트_말차] 26.07_말차재입고_수동_전환_image_전체타겟,0708_100원_P혼,[26.07]F_I_P말_전환_상시_직원설득형__.배너_메세지테스트.안내문.특가안내.경쟁사언급.오셜록말차라떼.진짜말차.__손유곤_260708_빙과_김민우,629,11,7786,4,0,전환
2026-07-14,120250649984200659,[빙과_파인트_말차] 26.07_말차재입고_수동_전환_image_전체타겟,0708_100원_P혼,[26.07]F_I_P말_전환_상시_직원설득형__.배너_메세지테스트.안내문.특가안내.경쟁사언급.오셜록쓰는첫물말차.__손유곤_260708_빙과_김민우,2,0,59,0,0,전환
2026-07-14,120250649990060659,[빙과_파인트_말차] 26.07_말차재입고_수동_전환_image_전체타겟,0708_100원_P혼,[26.07]F_I_P말_전환_상시_직원설득형__.배너_메세지테스트.안내문.특가안내.원재료비교.중국산저가말차.퀄리티고집.__손유곤_260708_빙과_김민우,293,3,5849,1,0,전환
2026-07-14,120250650008050659,[빙과_파인트] 26.04_파인트990원_수동_전환_image_전체타겟,0708_990원_P혼,[26.07]F_I_P혼_전환_파인트990원_혜택강조형__.배너_시즌강조.고효율.원물감강조.이제다시는없습니다.후숙잘된과일.__손유곤_260708_빙과_김민우,62,2,727,2,0,전환
2026-07-14,120250650016510659,[빙과_파인트] 26.04_파인트990원_수동_전환_image_전체타겟,0708_990원_P혼,[26.07]F_I_P말_전환_파인트990원_직원설득형__.배너_메세지테스트.안내문.구매제한.감사한마음.수량제한.5개.__손유곤_260708_빙과_김민우,44969,979,303209,43,0,전환
2026-07-14,120250650004680659,[빙과_파인트] 26.04_파인트990원_수동_전환_image_전체타겟,0708_990원_P혼,[26.07]F_I_P혼_전환_상시_혜택강조형__.배너_시즌강조.다신없을.지금만볼수있는.개당100원.__손유곤_260708_빙과_김민우,6,0,67,0,0,전환
2026-07-14,120250677918990659,[빙과_스틱바_멜론쫀득] 26.05_쫀득바출시_수동_전환_video_전체타겟,7월 2주차_AI형_JD멜 (2),[26.07]F_V_JD멜_전환_쫀득바출시_기타_AI활용형_main.릴스_실수네고형.할인가실수.출근길.AI건_1P_문선정_260709_빙과_함주현,1180,28,28326,4,255,전환
2026-07-14,120250687882750659,[빙과_스틱바_멜론쫀득] 26.05_쫀득바출시_수동_전환_image_전체타겟,0709_JD멜,[26.07]F_I_JD멜_전환_쫀득바출시__혜택강조형__.배너_슈기.품절직전.마지막재고예요.원조제치고1등.품절대란.__김유진_260709_빙과_오형선,10700,197,199575,28,0,전환
2026-07-14,120250687885300659,[빙과_스틱바_멜론쫀득] 26.05_쫀득바출시_수동_전환_image_전체타겟,0709_JD멜,[26.07]F_I_JD멜_전환_쫀득바출시__혜택강조형__.배너_슈기.특가종료.곧끝난대요.노을멜론.원조제치고1등.__김유진_260709_빙과_오형선,37279,590,580142,93,0,전환
2026-07-14,120250687996150659,[빙과_스틱바_멜론쫀득] 26.07_쫀득바출시_ASC_전환_image_전체타겟_7월 2주차_고효율 배너 재러닝,[빙과_스틱바_멜론쫀득] 26.07_쫀득바출시_ASC_전환_image_전체타겟_7월 2주차_고효율 배너 재러닝,[26.06]F_I_JD망_전환_쫀득바출시_혜택강조형__.배너_.품절대란.국내최초망고젤리아이스크림.__김유진_260622_빙과_홍정민,1,0,3,0,0,전환
2026-07-14,120250687996210659,[빙과_스틱바_멜론쫀득] 26.07_쫀득바출시_ASC_전환_image_전체타겟_7월 2주차_고효율 배너 재러닝,[빙과_스틱바_멜론쫀득] 26.07_쫀득바출시_ASC_전환_image_전체타겟_7월 2주차_고효율 배너 재러닝,[26.06]F_I_JD멜_전환_쫀득바출시_혜택강조형_희소성_.배너_판매중단.후숙된찐한멜론맛그대로.공지문.현장감.__문선정_260612_빙과_오형선,462,11,7680,0,0,전환
2026-07-14,120250687996220659,[빙과_스틱바_멜론쫀득] 26.07_쫀득바출시_ASC_전환_image_전체타겟_7월 2주차_고효율 배너 재러닝,[빙과_스틱바_멜론쫀득] 26.07_쫀득바출시_ASC_전환_image_전체타겟_7월 2주차_고효율 배너 재러닝,[26.06]F_I_JD망_전환_쫀득바출시_혜택강조형__.배너_.고효율베리.드디어재입고됐어요.재고소진시바로종료.__김유진_260622_빙과_김민우,1,0,26,0,0,전환
2026-07-14,120250683091110659,[빙과_파인트] 26.04_파인트990원_수동_전환_image_전체타겟,0709_990원_P말,[26.07]F_I_P말_전환_상시_직원설득형__.배너_원재료강조.수급.텍스트소구.구매제한.공지문.현장감.표.제한적인특성상.종료.__손유곤_260709_빙과_김민우,47903,922,530792,99,0,전환
2026-07-14,120250683146810659,[빙과_파인트] 26.04_파인트990원_수동_전환_image_전체타겟,0709_990원_P말,[26.07]F_I_P말_전환_상시_직원설득형__.배너_원재료강조.수급.텍스트소구.한정판매.공지문.표.한정수량준비.__손유곤_260709_빙과_김민우,626,21,17494,1,0,전환
2026-07-14,120250683182630659,[빙과_파인트] 26.04_파인트990원_수동_전환_image_전체타겟,0709_990원_P말,[26.07]F_I_P말_전환_상시_직원설득형__.배너_원재료강조.수급.텍스트소구.한정판매.공지문.현장감.한정할인가.급히재출시.__손유곤_260709_빙과_김민우,807,15,11939,2,0,전환
2026-07-14,120250683664900659,[빙과_파인트] 26.04_파인트990원_수동_전환_image_전체타겟,0709_AI_990원_P말,[26.07]F_I_P말_전환_파인트990원_AI영상자동화_혜택강조형__.릴스_희소성.달리는모션.이제다시는.출시직후매진.__손유곤_260709_빙과_김민우,864,20,13770,2,123,전환
2026-07-14,120250683699140659,[빙과_파인트] 26.04_파인트990원_수동_전환_image_전체타겟,0709_AI_990원_P말,[26.07]F_I_P말_전환_파인트990원_AI영상자동화_혜택강조형__.릴스_희소성.달리는모션.다시는없습니다.구하기힘든첫물말차.__손유곤_260709_빙과_김민우,8783,149,139119,20,1564,전환
2026-07-14,120250709833870659,[빙과_스틱바_멜론쫀득] 26.05_쫀득바출시_수동_전환_video_전체타겟,7월 2주차_지인네고형_JD멜,[26.07]F_V_JD멜_전환_쫀득바출시_네고형_지인네고형_main.릴스_공통.X_1P_김유진_260710_빙과_정요한,14885,374,346900,44,5298,전환
2026-07-14,120250709864070659,[빙과_스틱바_멜론쫀득] 26.05_쫀득바출시_수동_전환_video_전체타겟,7월 2주차_지인네고형_JD멜,[26.07]F_V_JD멜_전환_쫀득바출시_네고형_지인네고형_var2.릴스_맛.X_1P_김유진_260710_빙과_정요한,239,4,3430,1,29,전환
2026-07-14,120250714524390659,[빙과_파인트_말차] 26.07_말차재입고_ASC_전환_video_전체타겟_7월 2주차_공구네고형/인플루언서형,[빙과_파인트_말차] 26.07_말차재입고_ASC_전환_video_전체타겟_7월 2주차_공구네고형/인플루언서형,[26.07]F_V_P말_전환_말차재입고_인플루언서형_인플루언서형_var1.릴스_공통.숏.7월.수민PJ_1P_영상팀_260710_빙과_이수민,4552,92,97372,13,286,전환
2026-07-14,120250714533360659,[빙과_파인트_말차] 26.07_말차재입고_ASC_전환_video_전체타겟_7월 2주차_공구네고형/인플루언서형,[빙과_파인트_말차] 26.07_말차재입고_ASC_전환_video_전체타겟_7월 2주차_공구네고형/인플루언서형,[26.07]F_V_P말_전환_말차재입고_인플루언서형_인플루언서형_var2.릴스_터키아저씨.7월.수민PJ_1P_영상팀_260710_빙과_이수민,6685,112,96867,11,306,전환
2026-07-14,120250714541920659,[빙과_파인트_말차] 26.07_말차재입고_ASC_전환_video_전체타겟_7월 2주차_공구네고형/인플루언서형,[빙과_파인트_말차] 26.07_말차재입고_ASC_전환_video_전체타겟_7월 2주차_공구네고형/인플루언서형,[26.07]F_V_P말_전환_말차재입고_인플루언서형_인플루언서형_var3.릴스_1년에 1번.7월.수민PJ_1P_영상팀_260710_빙과_이수민,190,2,3278,0,3,전환
2026-07-14,120250714555540659,[빙과_파인트_말차] 26.07_말차재입고_ASC_전환_video_전체타겟_7월 2주차_공구네고형/인플루언서형,[빙과_파인트_말차] 26.07_말차재입고_ASC_전환_video_전체타겟_7월 2주차_공구네고형/인플루언서형,[26.07]F_V_P말_전환_말차재입고_인플루언서형_인플루언서형_main.릴스_공통.7월.수민PJ_1P_영상팀_260710_빙과_이수민,14503,185,158153,22,843,전환
2026-07-14,120250714641760659,[빙과_파인트_말차] 26.07_말차재입고_ASC_전환_video_전체타겟_7월 2주차_공구네고형/인플루언서형,[빙과_파인트_말차] 26.07_말차재입고_ASC_전환_video_전체타겟_7월 2주차_공구네고형/인플루언서형,[26.07]F_V_P말_전환_말차재입고_네고형_공구네고_var1.릴스_깐깐.X_2P_손유곤_260710_빙과_노현경,307,4,6003,0,17,전환
2026-07-14,120250714652930659,[빙과_파인트_말차] 26.07_말차재입고_ASC_전환_video_전체타겟_7월 2주차_공구네고형/인플루언서형,[빙과_파인트_말차] 26.07_말차재입고_ASC_전환_video_전체타겟_7월 2주차_공구네고형/인플루언서형,[26.07]F_V_P말_전환_말차재입고_네고형_공구네고_var2.릴스_취식.X_2P_손유곤_260710_빙과_노현경,55255,788,857036,139,2758,전환
2026-07-14,120250720342020659,[빙과_파인트_말차] 26.07_말차재입고_ASC_전환_video_전체타겟_7월 2주차_백정BP/바운스번(재),[빙과_파인트_말차] 26.07_말차재입고_ASC_전환_video_전체타겟_7월 2주차_백정BP/바운스번(재),[26.07]F_V_P말_전환_말차재입고_신규BP_백정BP_var1.릴스_신고당했습니다.X_1P_손유곤_260710_빙과_정하얀,408,8,9569,1,39,전환
2026-07-14,120250720501400659,[빙과_파인트_말차] 26.07_말차재입고_ASC_전환_video_전체타겟_7월 2주차_백정BP/바운스번(재),[빙과_파인트_말차] 26.07_말차재입고_ASC_전환_video_전체타겟_7월 2주차_백정BP/바운스번(재),[26.07]F_V_P말_전환_말차재입고_신규BP_우베BP_var4.릴스_또먹고싶은.X_1P_손유곤_260710_빙과_정하얀,677,11,8543,0,9,전환
2026-07-14,120250791334030659,[빙과_스틱바_멜론쫀득] 26.05_쫀득바출시_수동_전환_image_전체타겟,0713_JD멜(2),[26.07]F_I_JD멜_전환_쫀득바출시_AI영상자동화_직원설득형__.릴스_직원실수.발주.지금이젤싸요.물량폭주.__김유진_260713_빙과_오형선,505,11,10266,1,9,전환
2026-07-14,120250718613040659,[빙과_스틱바_듬뿍바] 26.05_듬뿍바출시_수동_전환_video_전체타겟,7월 2주차_지인네고형_DB베,[26.07]F_V_DB베_전환_듬뿍바출시이벤트_네고형_지인네고형_var2.릴스_대세감.X_1P_고가영_260710_빙과_이수민,2,0,29,0,0,전환
2026-07-14,120250718995780659,[빙과_스틱바_멜론쫀득] 26.05_쫀득바출시_수동_전환_video_전체타겟,7월 2주차_양배추BP_JD멜,[26.07]F_V_JD멜_전환_쫀득바출시_신규BP_양배추bp_var2.릴스_노을멜론.X_2P_김유진_260710_빙과_이하림,1255,42,23998,1,691,전환
2026-07-14,120250716205090659,(운영X) [빙과_스틱바_듬뿍바] 26.07_듬뿍바출시1+1_수동_전환_video_전체타겟,7월 2주차_풀리오BP_DB베,[26.07]F_V_DB베_전환_듬뿍바출시1+1_기타_풀리오BP_main.릴스_스킴2.공통.X_2P_고가영_260710_빙과_김지연,9,1,188,0,2,전환
2026-07-14,120250716374860659,(운영X) [빙과_스틱바_듬뿍바] 26.07_듬뿍바출시1+1_수동_전환_video_전체타겟,7월 2주차_풀리오BP_DB베,[26.07]F_V_DB베_전환_듬뿍바출시1+1_기타_풀리오BP_var2.릴스_스킴2.파인트규모감.X_2P_고가영_260710_빙과_김지연,715,29,14732,1,447,전환
2026-07-14,120250719044400659,[빙과_스틱바_멜론쫀득] 26.07_쫀득바출시_ASC_전환_video_전체타겟_7월 2주차_지인네고형/공구네고형/양배추BP,[빙과_스틱바_멜론쫀득] 26.07_쫀득바출시_ASC_전환_video_전체타겟_7월 2주차_지인네고형/공구네고형/양배추BP,[26.07]F_V_JD멜_전환_쫀득바출시_신규BP_양배추bp_var4.릴스_독점계약.X_2P_김유진_260710_빙과_이하림,45,5,774,1,5,전환
2026-07-14,120250791221980659,[빙과_스틱바_멜론쫀득] 26.05_쫀득바출시_수동_전환_image_전체타겟,0713_JD멜(1),[26.07]F_I_JD멜_전환_쫀득바출시__직원설득형__.배너_공지문.현장감.대세감.슈기.한정수량품절.__김유진_260713_빙과_홍정민,989,18,16429,0,0,전환
2026-07-14,120250791232200659,[빙과_스틱바_멜론쫀득] 26.05_쫀득바출시_수동_전환_image_전체타겟,0713_JD멜(1),[26.07]F_I_JD멜_전환_쫀득바출시__직원설득형__.배너_공지문.현장감.대세감.슈기.특별수량.__김유진_260713_빙과_홍정민,18182,246,281808,41,0,전환
2026-07-14,120250791252040659,[빙과_스틱바_멜론쫀득] 26.05_쫀득바출시_수동_전환_image_전체타겟,0713_JD멜(1),[26.07]F_I_JD멜_전환_쫀득바출시__직원설득형__.배너_공지문.대세감.슈기한정수량품절.__김유진_260713_빙과_홍정민,3296,36,58025,5,0,전환
2026-07-14,120250791259190659,[빙과_스틱바_멜론쫀득] 26.05_쫀득바출시_수동_전환_image_전체타겟,0713_JD멜(1),[26.07]F_I_JD멜_전환_쫀득바출시__직원설득형__.배너_공지문.대세감.슈기.특별수량.사과문.__김유진_260713_빙과_홍정민,7078,121,112953,21,0,전환
2026-07-14,120250791313970659,[빙과_스틱바_멜론쫀득] 26.05_쫀득바출시_수동_전환_image_전체타겟,0713_JD멜(2),[26.07]F_I_JD멜_전환_쫀득바출시_AI영상자동화_직원설득형__.릴스_손해강조형.판매자.빈털터리.사무실.나눔.__김유진_260713_빙과_홍정민,439,11,12457,0,8,전환
2026-07-14,120250791317750659,[빙과_스틱바_멜론쫀득] 26.05_쫀득바출시_수동_전환_image_전체타겟,0713_JD멜(2),[26.07]F_I_JD멜_전환_쫀득바출시_AI영상자동화_직원설득형__.릴스_손해강조형.판매자.빈털터리.창고.나눔.다시는없어요.__김유진_260713_빙과_홍정민,385,11,12501,1,26,전환
2026-07-14,120250791322550659,[빙과_스틱바_멜론쫀득] 26.05_쫀득바출시_수동_전환_image_전체타겟,0713_JD멜(2),[26.07]F_I_JD멜_전환_쫀득바출시_AI영상자동화_직원설득형__.릴스_손해강조형.판매자.빈털터리.창고.나눔.젤싸요.__김유진_260713_빙과_홍정민,332,9,10791,0,14,전환
2026-07-14,120250791325950659,[빙과_스틱바_멜론쫀득] 26.05_쫀득바출시_수동_전환_image_전체타겟,0713_JD멜(2),[26.07]F_I_JD멜_전환_쫀득바출시_AI영상자동화_직원설득형__.릴스_직원실수.가격.지금이젤싸요.감정갈등.__김유진_260713_빙과_오형선,911,16,18139,2,16,전환
2026-07-14,120250714637100659,[빙과_파인트_말차] 26.07_말차재입고_수동_전환_video_전체타겟,7월 2주차_공구네고_P말,[26.07]F_V_P말_전환_말차재입고_네고형_공구네고_var1.릴스_깐깐.X_2P_손유곤_260710_빙과_노현경,76,3,1612,0,6,전환
2026-07-14,120250718620020659,[빙과_스틱바_듬뿍바] 26.05_듬뿍바출시_수동_전환_video_전체타겟,7월 2주차_지인네고형_DB베,[26.07]F_V_DB베_전환_듬뿍바출시이벤트_네고형_지인네고형_var3.릴스_벌써다먹어.X_1P_고가영_260710_빙과_이수민,1,0,7,0,0,전환
2026-07-14,120250718632450659,[빙과_스틱바_듬뿍바] 26.05_듬뿍바출시_수동_전환_video_전체타겟,7월 2주차_지인네고형_DB베,[26.07]F_V_DB베_전환_듬뿍바출시이벤트_네고형_지인네고형_var4.릴스_5억원.X_1P_고가영_260710_빙과_이수민,5046,63,59104,8,284,전환
2026-07-14,120250791330700659,[빙과_스틱바_멜론쫀득] 26.05_쫀득바출시_수동_전환_image_전체타겟,0713_JD멜(2),[26.07]F_I_JD멜_전환_쫀득바출시_AI영상자동화_직원설득형__.릴스_직원실수.날짜.지금이젤싸요.날짜착각.__김유진_260713_빙과_오형선,520,9,11401,0,13,전환
2026-07-14,120250791341040659,[빙과_스틱바_멜론쫀득] 26.05_쫀득바출시_수동_전환_image_전체타겟,0713_JD멜(2),[26.07]F_I_JD멜_전환_쫀득바출시_AI영상자동화_직원설득형__.릴스_직원실수.가격.지금이젤싸요.사내비상.__김유진_260713_빙과_오형선,455,10,10905,0,2,전환
2026-07-14,120250709856910659,[빙과_스틱바_멜론쫀득] 26.07_쫀득바출시_ASC_전환_video_전체타겟_7월 2주차_지인네고형/공구네고형/양배추BP,[빙과_스틱바_멜론쫀득] 26.07_쫀득바출시_ASC_전환_video_전체타겟_7월 2주차_지인네고형/공구네고형/양배추BP,[26.07]F_V_JD멜_전환_쫀득바출시_네고형_지인네고형_var1.릴스_대세감.X_1P_김유진_260710_빙과_정요한,2,0,25,0,1,전환
2026-07-14,120250710511500659,[빙과_스틱바_멜론쫀득] 26.07_쫀득바출시_ASC_전환_video_전체타겟_7월 2주차_지인네고형/공구네고형/양배추BP,[빙과_스틱바_멜론쫀득] 26.07_쫀득바출시_ASC_전환_video_전체타겟_7월 2주차_지인네고형/공구네고형/양배추BP,[26.07]F_V_JD멜_전환_쫀득바출시_네고형_공구네고형_var1.릴스_취식강조.X_1P_김유진_260710_빙과_이수현,4,0,130,0,0,전환
2026-07-14,120250710527780659,[빙과_스틱바_멜론쫀득] 26.07_쫀득바출시_ASC_전환_video_전체타겟_7월 2주차_지인네고형/공구네고형/양배추BP,[빙과_스틱바_멜론쫀득] 26.07_쫀득바출시_ASC_전환_video_전체타겟_7월 2주차_지인네고형/공구네고형/양배추BP,[26.07]F_V_JD멜_전환_쫀득바출시_네고형_공구네고형_var2.릴스_최저가.X_1P_김유진_260710_빙과_이수현,1,0,3,0,0,전환
2026-07-14,120250714519150659,[빙과_파인트_말차] 26.07_말차재입고_수동_전환_video_전체타겟,7월 2주차_인플루언서형_P말,[26.07]F_V_P말_전환_말차재입고_인플루언서형_인플루언서형_var1.릴스_공통.숏.7월.수민PJ_1P_영상팀_260710_빙과_이수민,1309,30,25199,3,81,전환
2026-07-14,120250714549040659,[빙과_파인트_말차] 26.07_말차재입고_수동_전환_video_전체타겟,7월 2주차_인플루언서형_P말,[26.07]F_V_P말_전환_말차재입고_인플루언서형_인플루언서형_main.릴스_공통.7월.수민PJ_1P_영상팀_260710_빙과_이수민,157282,2147,1679871,259,17230,전환
2026-07-14,120250714617790659,[빙과_파인트_말차] 26.07_말차재입고_수동_전환_video_전체타겟,7월 2주차_공구네고_P말,[26.07]F_V_P말_전환_말차재입고_네고형_공구네고_main.릴스_비하인드.X_2P_손유곤_260710_빙과_노현경,6663,142,133615,19,830,전환
2026-07-14,120250718190590659,[빙과_스틱바_듬뿍바] 26.06_듬뿍바출시_ASC_전환_video_전체타겟_7월 2주차_풀리오BP/지인네고,[빙과_스틱바_듬뿍바] 26.06_듬뿍바출시_ASC_전환_video_전체타겟_7월 2주차_풀리오BP/지인네고,[26.07]F_V_DB베_전환_듬뿍바출시이벤트_기타_풀리오BP_main.릴스_스킴1.공통.X_2P_고가영_260710_빙과_김지연,61,2,1364,0,5,전환
2026-07-14,120250718232910659,[빙과_스틱바_듬뿍바] 26.06_듬뿍바출시_ASC_전환_video_전체타겟_7월 2주차_풀리오BP/지인네고,[빙과_스틱바_듬뿍바] 26.06_듬뿍바출시_ASC_전환_video_전체타겟_7월 2주차_풀리오BP/지인네고,[26.07]F_V_DB베_전환_듬뿍바출시이벤트_기타_풀리오BP_var2.릴스_스킴1.파인트규모감.X_2P_고가영_260710_빙과_김지연,326,8,10081,1,32,전환
2026-07-14,120250718280980659,[빙과_스틱바_듬뿍바] 26.06_듬뿍바출시_ASC_전환_video_전체타겟_7월 2주차_풀리오BP/지인네고,[빙과_스틱바_듬뿍바] 26.06_듬뿍바출시_ASC_전환_video_전체타겟_7월 2주차_풀리오BP/지인네고,[26.07]F_V_DB베_전환_듬뿍바출시이벤트_기타_풀리오BP_var4.릴스_스킴1.혜택.X_2P_고가영_260710_빙과_김지연,93,1,2364,1,3,전환
2026-07-14,120250719002000659,[빙과_스틱바_멜론쫀득] 26.07_쫀득바출시_ASC_전환_video_전체타겟_7월 2주차_지인네고형/공구네고형/양배추BP,[빙과_스틱바_멜론쫀득] 26.07_쫀득바출시_ASC_전환_video_전체타겟_7월 2주차_지인네고형/공구네고형/양배추BP,[26.07]F_V_JD멜_전환_쫀득바출시_신규BP_양배추bp_var2.릴스_노을멜론.X_2P_김유진_260710_빙과_이하림,19,0,542,0,4,전환
2026-07-14,120250719017440659,[빙과_스틱바_멜론쫀득] 26.07_쫀득바출시_ASC_전환_video_전체타겟_7월 2주차_지인네고형/공구네고형/양배추BP,[빙과_스틱바_멜론쫀득] 26.07_쫀득바출시_ASC_전환_video_전체타겟_7월 2주차_지인네고형/공구네고형/양배추BP,[26.07]F_V_JD멜_전환_쫀득바출시_신규BP_양배추bp_var3.릴스_초딩.X_2P_김유진_260710_빙과_이하림,2,0,14,0,0,전환
2026-07-14,120250719063020659,[빙과_스틱바_멜론쫀득] 26.07_쫀득바출시_ASC_전환_video_전체타겟_7월 2주차_지인네고형/공구네고형/양배추BP,[빙과_스틱바_멜론쫀득] 26.07_쫀득바출시_ASC_전환_video_전체타겟_7월 2주차_지인네고형/공구네고형/양배추BP,[26.07]F_V_JD멜_전환_쫀득바출시_신규BP_양배추bp_var5.릴스_슈기.X_2P_김유진_260710_빙과_이하림,4738,66,70741,6,372,전환
2026-07-14,120250719511580659,[빙과_스틱바_듬뿍바] 26.06_듬뿍바출시_ASC_전환_video_전체타겟_7월 2주차_풀리오BP/지인네고,[빙과_스틱바_듬뿍바] 26.06_듬뿍바출시_ASC_전환_video_전체타겟_7월 2주차_풀리오BP/지인네고,[26.07]F_V_DB베_전환_듬뿍바출시이벤트_네고형_지인네고형_main.릴스_공통.X_1P_고가영_260710_빙과_이수민,858,17,22095,4,56,전환
2026-07-14,120250719511590659,[빙과_스틱바_듬뿍바] 26.06_듬뿍바출시_ASC_전환_video_전체타겟_7월 2주차_풀리오BP/지인네고,[빙과_스틱바_듬뿍바] 26.06_듬뿍바출시_ASC_전환_video_전체타겟_7월 2주차_풀리오BP/지인네고,[26.07]F_V_DB베_전환_듬뿍바출시이벤트_네고형_지인네고형_var2.릴스_대세감.X_1P_고가영_260710_빙과_이수민,11985,192,264224,39,650,전환
2026-07-14,120250720454510659,[빙과_파인트_말차] 26.07_말차재입고_수동_전환_video_전체타겟,7월 2주차_백정BP_P말,[26.07]F_V_P말_전환_말차재입고_신규BP_우베BP_var3.릴스_100원.X_1P_손유곤_260710_빙과_정하얀,25292,669,408266,57,3722,전환
2026-07-14,120250718260520659,[빙과_스틱바_듬뿍바] 26.06_듬뿍바출시_ASC_전환_video_전체타겟_7월 2주차_풀리오BP/지인네고,[빙과_스틱바_듬뿍바] 26.06_듬뿍바출시_ASC_전환_video_전체타겟_7월 2주차_풀리오BP/지인네고,[26.07]F_V_DB베_전환_듬뿍바출시이벤트_기타_풀리오BP_var3.릴스_스킴1.후킹용.X_2P_고가영_260710_빙과_김지연,233,5,5931,2,25,전환
2026-07-14,120250718447840659,[빙과_파인트] 26.04_파인트990원_수동_전환_image_전체타겟,0710_990원_P말,[26.07]F_I_P말_전환_파인트990원__직원설득형__.배너_원재료강조.구매제한.공지문.__손유곤_260710_빙과_김민우,2940,59,34985,5,0,전환
2026-07-14,120250718663680659,(운영X) [빙과_스틱바_듬뿍바] 26.07_듬뿍바출시1+1_수동_전환_video_전체타겟,7월 2주차_지인네고형_DB베,[26.07]F_V_DB베_전환_듬뿍바출시1+1_네고형_지인네고형_var5.릴스_스킴베리.공통.X_1P_고가영_260710_빙과_이수민,2346,55,34060,3,1122,전환
2026-07-14,120250718670270659,(운영X) [빙과_스틱바_듬뿍바] 26.07_듬뿍바출시1+1_수동_전환_video_전체타겟,7월 2주차_지인네고형_DB베,[26.07]F_V_DB베_전환_듬뿍바출시1+1_네고형_지인네고형_var6.릴스_스킴베리.뭐하는데.X_1P_고가영_260710_빙과_이수민,3670,65,60901,7,300,전환
2026-07-14,120250718679950659,(운영X) [빙과_스틱바_듬뿍바] 26.07_듬뿍바출시1+1_수동_전환_video_전체타겟,7월 2주차_지인네고형_DB베,[26.07]F_V_DB베_전환_듬뿍바출시1+1_네고형_지인네고형_var7.릴스_스킴베리.대세감.X_1P_고가영_260710_빙과_이수민,708,17,14313,1,282,전환
2026-07-14,120250791243450659,[빙과_스틱바_멜론쫀득] 26.05_쫀득바출시_수동_전환_image_전체타겟,0713_JD멜(1),[26.07]F_I_JD멜_전환_쫀득바출시__직원설득형__.배너_공지문.현장감.대세감.슈기.가격실수.__김유진_260713_빙과_홍정민,67253,1684,769371,99,0,전환
2026-07-14,120245677469480252,[빙과_쫀득바] 인지광고_조회_26.06_video,[멜론] 6월 1주차_네고형 & 원가강조,[26.06]F_V_JD멜_인지_쫀득바출시_네고형_네고형_main.릴스_에르메스.X_1P_김바다_260605_빙과_이수현,14,0,53,2,2,인지
2026-07-14,120245722243050252,[빙과_쫀득바] 인지광고_조회_26.06_video,[멜론] 6월 1주차_네고형 & 원가강조,[26.06]F_V_JD멜_인지_쫀득바출시_원가강조형_미틀리에BP_main.릴스_공통.X_2P_김바다_260605_빙과_조의진,11235,0,44038,2386,2386,인지
2026-07-14,120246243069720252,[빙과_쫀득바] 인지광고_조회_26.06_video,[멜론] 6월 2주차_인물리뷰(1),[26.06]F_V_JD멜_인지_쫀득바출시_인물리뷰형_인물리뷰형_main.릴스_샀어요.X_2P_고가영_260612_빙과_유영현,80,0,328,8,8,인지
2026-07-14,120246243254280252,[빙과_쫀득바] 인지광고_조회_26.06_video,[멜론] 6월 2주차_인물리뷰(1),[26.06]F_V_JD멜_인지_쫀득바출시_인물리뷰형_인물리뷰형_var4.릴스_후킹.X_2P_고가영_260612_빙과_유영현,9194,0,41724,1579,1579,인지
2026-07-14,120246243254510252,[빙과_쫀득바] 인지광고_조회_26.06_video,[멜론] 6월 2주차_인물리뷰(1),[26.06]F_V_JD멜_인지_쫀득바출시_인물리뷰형_인물리뷰형_var3.릴스_코어의외성.X_2P_고가영_260612_빙과_유영현,29,0,133,5,5,인지
2026-07-14,120246246693900252,[빙과_쫀득바] 인지광고_조회_26.06_video,[멜론] 6월 2주차_써우리BP,[26.06]F_V_JD멜_인지_쫀득바출시_맛인지형_맛인지형.인지_var2.릴스_품절대란.X_1P_문선정_260612_빙과_이수민,12,0,31,2,2,인지
2026-07-14,120246246693910252,[빙과_쫀득바] 인지광고_조회_26.06_video,[멜론] 6월 2주차_써우리BP,[26.06]F_V_JD멜_인지_쫀득바출시_맛인지형_맛인지형.인지_main.릴스_공통.X_1P_문선정_260612_빙과_이수민,10028,0,40947,2327,2327,인지
2026-07-14,120246246693920252,[빙과_쫀득바] 인지광고_조회_26.06_video,[멜론] 6월 2주차_써우리BP,[26.06]F_V_JD멜_인지_쫀득바출시_맛인지형_맛인지형.인지_var1.릴스_왁뿌볼.X_1P_문선정_260612_빙과_이수민,39,0,153,8,8,인지
2026-07-14,120246400213800252,[빙과_쫀득바] 인지광고_조회_26.06_video,[멜론] 6월 3주차_파트너십,[26.06]F_V_JD멜_인지_쫀득바출시_파트너십_이나님,10640,0,37121,2362,2362,인지
2026-07-14,120246651022440252,[빙과_쫀득바] 인지광고_조회_26.06_video,[멜론] 6월 3주차_초딩유행템,[26.06]F_V_JD멜_인지_쫀득바출시_일상반응형_누나동생_var3.렉카_욕심.X_1P_문선정_260619_빙과_노현경,5163,0,20871,809,809,인지
2026-07-14,120246651022470252,[빙과_쫀득바] 인지광고_조회_26.06_video,[멜론] 6월 3주차_초딩유행템,[26.06]F_V_JD멜_인지_쫀득바출시_일상반응형_누나동생_main.렉카_떼쓰기.X_1P_문선정_260619_빙과_노현경,63,0,222,10,10,인지
2026-07-14,120246670171620252,[빙과_쫀득바] 인지광고_조회_26.06_video,[멜론] 6월 3주차_지인네고형,[26.06]F_V_JD멜_인지_쫀득바출시_네고형_지인네고형_var3.릴스_원가후킹.X_1P_김유진_260619_빙과_이수현,483,0,1702,104,104,인지
2026-07-14,120246670171630252,[빙과_쫀득바] 인지광고_조회_26.06_video,[멜론] 6월 3주차_지인네고형,[26.06]F_V_JD멜_인지_쫀득바출시_네고형_지인네고형_var1.릴스_규모감.X_1P_김유진_260619_빙과_이수현,6422,0,28409,1389,1389,인지
2026-07-14,120246670171640252,[빙과_쫀득바] 인지광고_조회_26.06_video,[멜론] 6월 3주차_지인네고형,[26.06]F_V_JD멜_인지_쫀득바출시_네고형_지인네고형_var2.릴스_쟁여놓기.X_1P_김유진_260619_빙과_이수현,2354,0,9997,521,521,인지
2026-07-14,120246672023840252,[빙과_쫀득바] 인지광고_조회_26.06_video,[멜론] 6월 3주차_스틱바BP,[26.06]F_V_JD멜_인지_쫀득바출시_인물리뷰형_4050대세감_main.릴스_본론.X_1P_문선정_260619_빙과_강다빈,1234,0,5512,148,148,인지
2026-07-14,120246672023850252,[빙과_쫀득바] 인지광고_조회_26.06_video,[멜론] 6월 3주차_스틱바BP,[26.06]F_V_JD멜_인지_쫀득바출시_인물리뷰형_4050대세감_var6.릴스_쩜오건.숏.큐티브금.X_1P_문선정_260619_빙과_강다빈,2890,0,13423,427,427,인지
2026-07-14,120247123943470252,[빙과_쫀득바] 인지광고_조회_26.06_video,[멜론] 6월 4주차_1년후에받는,[26.06]F_V_JD멜_인지_쫀득바출시_신규BP_써우리BP_var5.릴스_광각취식2.X_1P_문선정_260626_빙과_이수민,3,0,9,0,0,인지
2026-07-14,120247125298690252,[빙과_쫀득바] 인지광고_조회_26.06_video,[멜론] 6월 4주차_1년후에받는,[26.06]F_V_JD멜_인지_쫀득바출시_신규BP_써우리BP_var5.릴스_광각취식2.X_1P_문선정_260626_빙과_이수민,10628,0,37500,1642,1642,인지
2026-07-14,120247126792200252,[빙과_쫀득바] 인지광고_조회_26.06_video,[멜론] 6월 4주차_AI형,[26.06]F_V_JD멜_인지_쫀득바출시_ai형_스토리형_main.릴스_바운스번스토리.AI건_1P_문선정_260626_빙과_함주현,8161,0,34921,1821,1821,인지
2026-07-14,120247128148500252,[빙과_쫀득바] 인지광고_조회_26.06_video,[망고] 6월 4주차_꼬막BP,[26.06]F_V_JD망_인지_쫀득바출시_맛인지형_꼬막BP_var1.릴스_취식먼저.X_1P_김유진_260626_빙과_정하얀,9171,0,39406,1983,1983,인지
2026-07-14,120247401635930252,[빙과_쫀득바] 인지광고_조회_26.06_video,[멜론] 7월 1주차_AI형,[26.07]F_V_JD멜_인지_쫀득바출시_ai형_노래형_main.릴스_노래주목도.AI건_1P_문선정_260701_빙과_함주현,1301,0,5861,169,169,인지
2026-07-14,120247472710970252,[빙과_쫀득바] 인지광고_조회_26.06_video,[멜론] 7월 1주차_1위단독,[26.07]F_V_JD멜_인지_쫀득바출시_바이럴형_커뮤니티형_var3.릴스_요즘애들.초딩.X_1P_문선정_260703_빙과_김진수,34509,0,114062,10082,10082,인지
2026-07-14,120247473583430252,[빙과_쫀득바] 인지광고_조회_26.06_video,7월 1주차_떡볶이BP_JD멜,[26.07]F_V_JD멜_인지_쫀득바출시_신규BP_떡볶이BP_var5.릴스_공통.X_2P_김유진_260703_빙과_조의진,28218,0,106038,6106,6106,인지
2026-07-14,120247474311160252,[빙과_쫀득바] 인지광고_조회_26.06_video,7월 1주차_인물리뷰형_JD멜,[26.07]F_V_JD멜_인지_쫀득바출시_인물리뷰형_인물리뷰형_main.릴스_공통.X_2P_문선정_260703_빙과_유영현,915,0,3479,152,152,인지
2026-07-14,120247474315900252,[빙과_쫀득바] 인지광고_조회_26.06_video,7월 1주차_인물리뷰형_JD멜,[26.07]F_V_JD멜_인지_쫀득바출시_인물리뷰형_인물리뷰형_var1.릴스_상단.국내출시.X_2P_문선정_260703_빙과_유영현,45,0,169,9,9,인지
2026-07-14,120247474330010252,[빙과_쫀득바] 인지광고_조회_26.06_video,7월 1주차_인물리뷰형_JD멜,[26.07]F_V_JD멜_인지_쫀득바출시_인물리뷰형_인물리뷰형_var3.릴스_상단.GS1등.X_2P_문선정_260703_빙과_유영현,372,0,1342,56,56,인지
2026-07-14,120247474347810252,[빙과_쫀득바] 인지광고_조회_26.06_video,7월 1주차_인물리뷰형_JD멜,[26.07]F_V_JD멜_인지_쫀득바출시_인물리뷰형_인물리뷰형_var4.릴스_상단.일본안가.X_2P_문선정_260703_빙과_유영현,687,0,2491,118,118,인지
2026-07-14,120247474359550252,[빙과_쫀득바] 인지광고_조회_26.06_video,7월 1주차_인물리뷰형_JD멜,[26.07]F_V_JD멜_인지_쫀득바출시_인물리뷰형_인물리뷰형_var5.릴스_대세왁뿌.X_2P_문선정_260703_빙과_유영현,1237,0,4334,160,160,인지
2026-07-14,120247474494710252,[빙과_쫀득바] 인지광고_조회_26.06_video,7월 1주차_인플루언서형_JD멜,[26.07]F_V_JD멜_인지_쫀득바출시_인플루언서형_인플루언서형_main.릴스_비행기표취소.X_1P_문선정_260703_빙과_정하얀,252,0,960,40,40,인지
2026-07-14,120247474496060252,[빙과_쫀득바] 인지광고_조회_26.06_video,7월 1주차_인플루언서형_JD멜,[26.07]F_V_JD멜_인지_쫀득바출시_인플루언서형_인플루언서형_var1.릴스_제품먼저.X_1P_문선정_260703_빙과_정하얀,1254,0,4657,166,166,인지
2026-07-14,120247474496630252,[빙과_쫀득바] 인지광고_조회_26.06_video,7월 1주차_인플루언서형_JD멜,[26.07]F_V_JD멜_인지_쫀득바출시_인플루언서형_인플루언서형_var2.릴스_인물먼저.X_1P_문선정_260703_빙과_정하얀,157,0,598,23,23,인지
2026-07-14,120247474515200252,[빙과_쫀득바] 인지광고_조회_26.06_video,7월 1주차_브이로그형_JD멜,[26.07]F_V_JD멜_인지_쫀득바출시_소비자상황형_브이로그형_main.릴스_번따당함.X_1P_문선정_260703_빙과_정하얀,18454,0,59589,4783,4783,인지
2026-07-14,120247475161930252,[빙과_쫀득바] 인지광고_조회_26.06_video,7월 1주차_외부BP_JD멜,[26.07]F_V_JD멜_인지_쫀득바출시_신규BP_외부BP_main.릴스_메인.키노피오브금.X_2P_문선정_260703_빙과_이하림,357,0,1271,41,41,인지
2026-07-14,120247475165740252,[빙과_쫀득바] 인지광고_조회_26.06_video,7월 1주차_외부BP_JD멜,[26.07]F_V_JD멜_인지_쫀득바출시_신규BP_외부BP_var2.릴스_POV.X_2P_문선정_260703_빙과_이하림,1186,0,4945,176,176,인지
2026-07-14,120247475169150252,[빙과_쫀득바] 인지광고_조회_26.06_video,7월 1주차_외부BP_JD멜,[26.07]F_V_JD멜_인지_쫀득바출시_신규BP_외부BP_var3.릴스_화내기.X_2P_문선정_260703_빙과_이하림,31,0,181,5,5,인지
2026-07-14,120247477352790252,[빙과_쫀득바] 인지광고_조회_26.06_video,7월 1주차_인물리뷰형_JD멜,[26.07]F_V_JD멜_인지_쫀득바출시_인물리뷰형_관계성_var5.릴스_거절후킹.X_1P_김유진_260703_빙과_강다빈,1929,0,8073,365,365,인지
2026-07-14,120247477382220252,[빙과_쫀득바] 인지광고_조회_26.06_video,7월 1주차_인물리뷰형_JD멜,[26.07]F_V_JD멜_인지_쫀득바출시_인물리뷰형_관계성_var6.릴스_잔소리후킹.X_1P_김유진_260703_빙과_강다빈,1,0,2,1,1,인지
2026-07-14,120247538061250252,[빙과_쫀득바] 인지광고_조회_26.06_video,7월 2주차_파트너십_JD멜,[26.07]F_V_JD멜_인지_쫀득바출시_파트너십광고_오하루_260706,4105,0,10730,683,683,인지
2026-07-14,120247538419230252,[빙과_쫀득바] 인지광고_조회_26.06_video,7월 2주차_파트너십_JD멜,[26.07]F_V_JD멜_인지_쫀득바출시_파트너십광고_오하루_260706,14783,0,48131,5992,5992,인지
2026-07-14,120247543892760252,[빙과_쫀득바] 인지광고_조회_26.06_video,7월 2주차_바이럴(오하루)_JD멜,[26.07]F_V_JD멜_바이럴_쫀득바출시_바이럴형_바이럴형_main.렉카_힘숨찐.X_2P_이재원_260703_빙과_최재헌,13898,0,47876,3379,3379,인지
2026-07-14,120247543899850252,[빙과_쫀득바] 인지광고_조회_26.06_video,7월 2주차_바이럴(오하루)_JD멜,[26.07]F_V_JD멜_바이럴_쫀득바출시_바이럴형_바이럴형_var3.렉카_소금빵.버터떡.흰.X_2P_이재원_260703_빙과_최재헌,621,0,1965,114,114,인지
2026-07-14,120247543926060252,[빙과_쫀득바] 인지광고_조회_26.06_video,7월 2주차_바이럴(황치즈칩)_JD멜,[26.07]F_V_JD멜_바이럴_쫀득바출시_바이럴형_렉카형_main.렉카_유행템.X_2P_이재원_260703_빙과_최재헌,9374,0,46820,2264,2264,인지
2026-07-14,120247543931790252,[빙과_쫀득바] 인지광고_조회_26.06_video,7월 2주차_바이럴(황치즈칩)_JD멜,[26.07]F_V_JD멜_바이럴_쫀득바출시_바이럴형_렉카형_main.렉카_장악한.X_2P_이재원_260703_빙과_최재헌,25,0,85,2,2,인지
2026-07-14,120247638026640252,[빙과_쫀득바] 인지광고_조회_26.06_video,7월 2주차_AI형_JD멜 (1),[26.07]F_V_JD멜_인지_쫀득바출시_기타_AI활용형_var1.릴스_cs제조과정형.악플후킹.AI건_1P_문선정_260709_빙과_강다빈,8456,0,40431,2084,2084,인지
2026-07-14,120247638032070252,[빙과_쫀득바] 인지광고_조회_26.06_video,7월 2주차_AI형_JD멜 (1),[26.07]F_V_JD멜_인지_쫀득바출시_기타_AI활용형_main.릴스_cs제조과정형.본론.AI건_1P_문선정_260709_빙과_강다빈,556,0,2468,97,97,인지
2026-07-14,120247638063290252,[빙과_쫀득바] 인지광고_조회_26.06_video,7월 2주차_AI형_JD멜 (2),[26.07]F_V_JD멜_인지_쫀득바출시_기타_AI활용형_var1.릴스_실수네고형.할인가실수.비상상황.AI건_1P_문선정_260709_빙과_함주현,864,0,3755,155,155,인지
2026-07-14,120247638067660252,[빙과_쫀득바] 인지광고_조회_26.06_video,7월 2주차_AI형_JD멜 (2),[26.07]F_V_JD멜_인지_쫀득바출시_기타_AI활용형_main.릴스_실수네고형.할인가실수.출근길.AI건_1P_문선정_260709_빙과_함주현,590,0,2290,86,86,인지
2026-07-14,120247663105130252,[빙과_쫀득바] 인지광고_조회_26.06_video,7월 2주차_인물리뷰형(수현님)_JD멜,[26.07]F_V_JD멜_인지_쫀득바출시_인물리뷰형_관계강조형_var1.릴스_치즈칩.X_1P_김유진_260710_빙과_이수현,764,0,2890,113,113,인지
2026-07-14,120247663112570252,[빙과_쫀득바] 인지광고_조회_26.06_video,7월 2주차_인물리뷰형(수현님)_JD멜,[26.07]F_V_JD멜_인지_쫀득바출시_인물리뷰형_관계강조형_var2.릴스_슈기.X_1P_김유진_260710_빙과_이수현,9516,0,42135,1781,1781,인지
2026-07-14,120247663127760252,[빙과_쫀득바] 인지광고_조회_26.06_video,7월 2주차_인물리뷰형(수현님)_JD멜,[26.07]F_V_JD멜_인지_쫀득바출시_인물리뷰형_관계강조형_var4.릴스_흔한남매.X_1P_김유진_260710_빙과_이수현,16,0,43,0,0,인지
2026-07-14,120247663139950252,[빙과_쫀득바] 인지광고_조회_26.06_video,7월 2주차_인물리뷰형(수현님)_JD멜,[26.07]F_V_JD멜_인지_쫀득바출시_인물리뷰형_관계강조형_var6.릴스_하몽.슈기.X_1P_김유진_260710_빙과_이수현,253,0,909,49,49,인지
2026-07-14,120247663157560252,[빙과_쫀득바] 인지광고_조회_26.06_video,7월 2주차_인물리뷰형(수현님)_JD멜,[26.07]F_V_JD멜_인지_쫀득바출시_인물리뷰형_관계강조형_var7.릴스_하몽.레시피.X_1P_김유진_260710_빙과_이수현,27,0,111,5,5,인지
2026-07-14,120247664166210252,[빙과_쫀득바] 인지광고_조회_26.06_video,7월 2주차_렉카형_JD멜,[26.07]F_V_JD멜_인지_쫀득바출시_바이럴형_렉카형_var1.릴스_슈기X.초딩후킹.X_1P_문선정_260710_빙과_김진수,1702,0,6160,185,185,인지
2026-07-14,120247664208600252,[빙과_쫀득바] 인지광고_조회_26.06_video,7월 2주차_썰풀기형_JD멜,[26.07]F_V_JD멜_인지_쫀득바출시_바이럴형_썰풀기형_main.릴스_숏버전.X_1P_문선정_260710_빙과_김진수,11724,0,46944,3639,3639,인지
2026-07-14,120247665390730252,[빙과_쫀득바] 인지광고_조회_26.06_video,7월 2주차_AI실수네고형_JD멜,[26.07]F_V_JD멜_인지_쫀득바출시_기타_AI활용형_main.릴스_실수네고형.원재료발주.본론.AI건_1P_문선정_260710_빙과_강다빈,11171,0,45290,3306,3306,인지
2026-07-14,120247665398760252,[빙과_쫀득바] 인지광고_조회_26.06_video,7월 2주차_AI실수네고형_JD멜,[26.07]F_V_JD멜_인지_쫀득바출시_기타_AI활용형_var1.릴스_실수네고형.원재료발주.혼쭐후킹.AI건_1P_문선정_260710_빙과_강다빈,501,0,1955,122,122,인지
2026-07-14,120247666484250252,[빙과_쫀득바] 인지광고_조회_26.06_video,7월 2주차_AI바운스번_JD멜,[26.07]F_V_JD멜_인지_쫀득바출시_기타_AI활용형_var3.릴스_바운스번.수상.AI건_1P_문선정_260710_빙과_함주현,1080,0,4723,96,96,인지
2026-07-14,120247668493150252,[빙과_쫀득바] 인지광고_조회_26.06_video,7월 2주차_양배추BP_JD멜,[26.07]F_V_JD멜_전환_쫀득바출시_신규BP_양배추bp_main.릴스_인지.공통.X_2P_김유진_260710_빙과_이하림,12138,0,41564,2703,2703,인지
2026-07-14,120247668497170252,[빙과_쫀득바] 인지광고_조회_26.06_video,7월 2주차_인물리뷰형(현경님)_JD멜,[26.07]F_V_JD멜_인지_쫀득바출시_인물리뷰형_인물리뷰_main.릴스_현장.X_2P_영상팀_260710_빙과_노현경,12695,0,47660,3018,3018,인지
2026-07-14,120247668515330252,[빙과_쫀득바] 인지광고_조회_26.06_video,7월 2주차_인물리뷰형(현경님)_JD멜,[26.07]F_V_JD멜_인지_쫀득바출시_인물리뷰형_인물리뷰_var1.릴스_나레이션.X_2P_영상팀_260710_빙과_노현경,29,0,99,6,6,인지
2026-07-14,120247668519030252,[빙과_쫀득바] 인지광고_조회_26.06_video,7월 2주차_양배추BP_JD멜,[26.07]F_V_JD멜_전환_쫀득바출시_신규BP_양배추bp_var2.릴스_인지.500통.X_2P_김유진_260710_빙과_이하림,58,0,170,12,12,인지
2026-07-14,120247668570770252,[빙과_쫀득바] 인지광고_조회_26.06_video,7월 2주차_일상반응형(요한님)_JD멜,[26.07]F_V_JD멜_인지_쫀득바출시_일상반응형_지인대화_var5.릴스_축약.X_1P_영상팀_260710_빙과_정요한,12529,0,49976,3239,3239,인지
2026-07-14,120247668579360252,[빙과_쫀득바] 인지광고_조회_26.06_video,7월 2주차_일상반응형(요한님)_JD멜,[26.07]F_V_JD멜_인지_쫀득바출시_일상반응형_지인대화_var4.릴스_공통.X_1P_영상팀_260710_빙과_정요한,13,0,39,5,5,인지
2026-07-14,120247668598210252,[빙과_쫀득바] 인지광고_조회_26.06_video,7월 2주차_일상반응형(영현님)_JD멜,[26.07]F_V_JD멜_인지_쫀득바출시_일상반응형_누나동생_main.릴스_며칠전.X_2P_문선정_260710_빙과_유영현,18,0,50,2,2,인지
2026-07-14,120247668605070252,[빙과_쫀득바] 인지광고_조회_26.06_video,7월 2주차_일상반응형(영현님)_JD멜,[26.07]F_V_JD멜_인지_쫀득바출시_일상반응형_누나동생_var1.릴스_시무룩.X_2P_문선정_260710_빙과_유영현,13760,0,48206,3524,3524,인지
2026-07-14,120247668611090252,[빙과_쫀득바] 인지광고_조회_26.06_video,7월 2주차_일상반응형(영현님)_JD멜,[26.07]F_V_JD멜_인지_쫀득바출시_일상반응형_누나동생_var2.릴스_틱톡먹방.X_2P_문선정_260710_빙과_유영현,70,0,208,8,8,인지
2026-07-14,120247668631130252,[빙과_쫀득바] 인지광고_조회_26.06_video,7월 2주차_일상반응형(영현님)_JD멜,[26.07]F_V_JD멜_인지_쫀득바출시_일상반응형_누나동생_var4.릴스_슈기.X_2P_문선정_260710_빙과_유영현,397,0,1221,75,75,인지
2026-07-14,120247668641510252,[빙과_쫀득바] 인지광고_조회_26.06_video,7월 2주차_일상반응형(영현님)_JD멜,[26.07]F_V_JD멜_인지_쫀득바출시_일상반응형_누나동생_var5.릴스_황치즈.X_2P_문선정_260710_빙과_유영현,17,0,73,2,2,인지
2026-07-14,120247668681980252,[빙과_쫀득바] 인지광고_조회_26.06_video,7월 2주차_인물리뷰형(영현님)_JD멜,[26.07]F_V_JD멜_인지_쫀득바출시_인물리뷰형_누나동생_main.릴스_버스타고.X_2P_문선정_260710_빙과_유영현,10636,0,41880,2006,2006,인지
2026-07-14,120247668687180252,[빙과_쫀득바] 인지광고_조회_26.06_video,7월 2주차_인물리뷰형(영현님)_JD멜,[26.07]F_V_JD멜_인지_쫀득바출시_인물리뷰형_누나동생_var1.릴스_하나사려고.X_2P_문선정_260710_빙과_유영현,267,0,892,51,51,인지
2026-07-14,120247668690310252,[빙과_쫀득바] 인지광고_조회_26.06_video,7월 2주차_인물리뷰형(영현님)_JD멜,[26.07]F_V_JD멜_인지_쫀득바출시_인물리뷰형_누나동생_var2.릴스_동생난리.X_2P_문선정_260710_빙과_유영현,35,0,81,4,4,인지
2026-07-14,120247668694160252,[빙과_쫀득바] 인지광고_조회_26.06_video,7월 2주차_인물리뷰형(영현님)_JD멜,[26.07]F_V_JD멜_인지_쫀득바출시_인물리뷰형_누나동생_var3.릴스_슈기먹방러.X_2P_문선정_260710_빙과_유영현,125,0,424,12,12,인지
